Smart Styles,+27203243917,Venezuela,25361₽,height
Elite Elegance,+36600134042,Malta,22025₽,office
Chic Boutique,+36493741852,Albania,14535₽,perception
Urban Upmarket,+16530284005,The Gambia,70292₽,drama
Modern Maven,+27890774211,Poland,70860₽,republic
Fashion Fusion,+6450592375,Australia,97377₽,republic
Nail Nook,+3571570207,"Korea, South",79731₽,departure
Classy Collections,+20285061881,Slovenia,45198₽,assumption
Haute Hues,+71244119356,Saint Kitts and Nevis,93993₽,family
Clipper Cuts,+1815738333,Bangladesh,19977₽,employee
Sleek Styles,+77197615496,Paraguay,18544₽,selection
Glamour Galore,+82426065249,Barbados,25181₽,steak
Fashion Forward,+24701137172,Estonia,90787₽,signature
Glow Getter,+26419418626,Cuba,78336₽,analyst
Clipper Cuts,+55620733178,Grenada,62771₽,mixture
Body Bliss,+1473686743,Namibia,46253₽,hat
Fashion Fusion,+42816830212,Bhutan,87435₽,indication
Modish Mannequins,+29557408152,Sao Tome and Principe,51600₽,mode
Nail Nook,+30773364691,Ghana,98830₽,map
Classy Collections,+97307183190,Norway,88604₽,woman
Haute Hues,+90593896173,Malaysia,69538₽,homework
Fine Fabrics,+4676849735,Turkey,86948₽,data
Chic Boutique,+16387497606,Kosovo,51493₽,analyst
Fashion Forward,+65346198343,Tonga,98830₽,preparation
Chic Couture,+1778862290,Oman,80494₽,republic
Nail Nook,+15715524447,Fiji,50457₽,contribution
Sleek Styles,+32304319206,United States of America,84900₽,cookie
Stellar Stitches,+6374002437,Italy,51906₽,advertising
Chic Couture,+3212249876,"Congo, Democratic Republic of the",84929₽,computer
Wellness World,+47620719274,Syria,96732₽,refrigerator
Brow Boosters,+52808332792,United Kingdom,86485₽,steak
Fashion Forward,+72845155368,Estonia,95628₽,mode
Elegant Ensembles,+20818651312,Tajikistan,44813₽,administration
Lash Lounge,+57415131720,Slovakia,96504₽,signature
Stellar Stitches,+43840335678,Libya,25751₽,nature
Beauty Bar,+78304604343,Samoa,48982₽,series
Lash Lounge,+46701102989,"Korea, North",92301₽,contract
Classy Collections,+24748417519,Botswana,45554₽,community
Glamour Galore,+6537144453,Latvia,16337₽,nature
Body Bliss,+49301339889,New Zealand,86300₽,affair
Body Bliss,+32634994205,Qatar,59413₽,nature
Elegant Ensembles,+23837057218,Iraq,47483₽,analyst
Trendy Threads,+84226048900,Mauritania,70238₽,cookie
Sophisticated Sewing,+38400638967,Moldova,94283₽,mode
Skin Studio,+63531865518,Thailand,12770₽,construction
Trendy Threads,+45462757456,Vatican City (Holy See),96009₽,elevator
Sleek Styles,+89405749526,Cyprus,34730₽,cookie
Brow Boosters,+60815041140,Kosovo,19534₽,basket
Sleek Styles,+93246410253,Belgium,50820₽,computer
Urban Upmarket,+6411274714,Belgium,63323₽,thanks
Dapper Designs,+29495121936,Bolivia,42930₽,newspaper
Fine Fabrics,+38362062062,Burkina Faso,85743₽,data
Clipper Cuts,+56873693718,Eritrea,71679₽,opinion
Chic Couture,+99473803149,Bosnia and Herzegovina,43358₽,development
Body Bliss,+63643703541,Thailand,82529₽,concept
Body Bliss,+21619477247,Mauritius,21869₽,midnight
Sophisticated Sewing,+4683226590,Sierra Leone,24458₽,basket
Skin Studio,+68699458033,Belarus,60664₽,fishing
Fashion Forward,+86290606931,Ireland,27181₽,contribution
Urban Upmarket,+23852678103,Portugal,26247₽,death
Modish Mannequins,+77235430782,Comoros,83944₽,advertising
Crisp Creations,+90683665322,Chile,51689₽,elevator
Urban Upmarket,+64424504806,Lithuania,10425₽,buyer
Sophisticated Sewing,+52137749628,Argentina,61579₽,organization
Trendsetting Tailors,+81828376722,Guinea-Bissau,66138₽,enthusiasm
Classy Chic,+9774932681,Palau,82209₽,employee
Lash Lounge,+92840506369,Switzerland,95534₽,refrigerator
Posh Patterns,+45664428193,Latvia,16420₽,perception
Salon Suites,+25874060710,Egypt,71741₽,oven
Stellar Stitches,+73610010500,Andorra,28650₽,advertising
Haute Hues,+17624989365,Uganda,70026₽,emphasis
Stellar Stitches,+35723210875,Hungary,21575₽,ladder
Skin Studio,+3258993625,Kiribati,37000₽,signature
Modern Maven,+49770312514,"Congo, Republic of the",74698₽,family
Glamour Galore,+41229846139,Romania,18594₽,homework
Posh Patterns,+66177171234,India,71105₽,cookie
Fashion Forward,+41852552187,Cyprus,16855₽,pizza
Urban Upmarket,+47692628440,Lithuania,56476₽,buyer
Classy Collections,+89143993910,Kuwait,59387₽,mode
Haute Hues,+72366464771,Colombia,65623₽,explanation
Makeup Maven,+50888366696,Kyrgyzstan,31931₽,explanation
Chic Couture,+3328492690,Iran,49988₽,library
